cluster,mae,mse,corr
0,8.5042126562812,124.57452178644658,0.9656375242721529
1,13.177604126259734,299.8720078615026,0.9717764541845064
2,8.855451079723759,139.0607711642762,0.9756599249249358
